insert into CATEGORY values (1001L, true,'RIFLE');
insert into CATEGORY values (1002L, true,'SHOTGUN');
insert into CATEGORY values (1003L, true,'HANDGUN');
insert into CATEGORY values (1004L, true,'ACCESSORIES');

insert into SUB_CATEGORY values (2001L, true,'1911', 1003L);

INSERT INTO USER VALUES (1001L, TRUE, 'PERF@HOTMAIL.COM', 'PETER', 'RIVERA', '777-889988-8899', 'HANZOME', 'RIVERAP');
INSERT INTO USER VALUES (1002L, TRUE, 'PERF2@HOTMAIL.COM', 'JUAN', 'HERNANDEZ', '888-8899', 'TOROE', 'JOHSHH');


INSERT INTO USER_IMAGE VALUES (20001L, TRUE,'2018-01-01','https://www.google.com.pr/url?sa=i&source=images&cd=&cad=rja&uact=8&ved=2ahUKEwiKi5Tg6ZrcAhVLb60KHTrcDlgQjRx6BAgBEAU&url=http%3A%2F%2Fconceptodefinicion.de%2Fpintura%2F&psig=AOvVaw3ufnTtD3DUL5-g_HCYlcoR&ust=1531528300316208', 1001L);
INSERT INTO USER_IMAGE VALUES (20002L, FALSE,'2018-01-01','https://www.google.com.pr/url?sa=i&source=images&cd=&cad=rja&uact=8&ved=2ahUKEwiKi5Tg6ZrcAhVLb60KHTrcDlgQjRx6BAgBEAU&url=http%3A%2F%2Fconceptodefinicion.de%2Fpintura%2F&psig=AOvVaw3ufnTtD3DUL5-g_HCYlcoR&ust=1531528300316208', 1001L);
INSERT INTO USER_IMAGE VALUES (20003L, FALSE,'2018-01-01','https://www.google.com.pr/url?sa=i&source=images&cd=&cad=rja&uact=8&ved=2ahUKEwiKi5Tg6ZrcAhVLb60KHTrcDlgQjRx6BAgBEAU&url=http%3A%2F%2Fconceptodefinicion.de%2Fpintura%2F&psig=AOvVaw3ufnTtD3DUL5-g_HCYlcoR&ust=1531528300316208', 1001L);
INSERT INTO USER_IMAGE VALUES (20004L, TRUE,'2018-01-01','https://www.google.com.pr/url?sa=i&source=images&cd=&cad=rja&uact=8&ved=2ahUKEwiKi5Tg6ZrcAhVLb60KHTrcDlgQjRx6BAgBEAU&url=http%3A%2F%2Fconceptodefinicion.de%2Fpintura%2F&psig=AOvVaw3ufnTtD3DUL5-g_HCYlcoR&ust=1531528300316208', 1002L);


INSERT INTO ITEM_MANUFACTURER VALUES (4001L, TRUE, 'MANUFACTURER');
INSERT INTO ITEM_MODEL VALUES (3001L, 'MODEL OF THE ITEM ', TRUE, 4001L);

INSERT INTO ITEM VALUES (10001L, TRUE, null, 3001L);

INSERT INTO POST VALUES (9001L, 650.50, '2018-01-01', 'SALE', -64.4344 , 18.2122,'PERFECT CONDITIONS', 1003L, 10001L , 2001L,1001L);
INSERT INTO POST VALUES (9002L, 760.50, '2018-01-01', 'SALE', -64.4344 , 18.2122,'PERFECT CONDITIONS', 1002L, null, null ,1002L);
INSERT INTO POST VALUES (9003L, 430.50, '2018-01-01', 'SALE',-64.4344 , 18.2122, 'PERFECT CONDITIONS', 1002L, null, null , 1001L);
INSERT INTO POST VALUES (9004L, 650.50, '2018-01-01', 'SALE', -64.4344 , 18.2122,'PERFECT CONDITIONS', 1003L, 10001L , 2001L,1001L);
INSERT INTO POST VALUES (9005L, 650.50, '2018-01-01', 'SALE', -64.4344 , 18.2122,'PERFECT CONDITIONS', 1003L, 10001L , 2001L,1001L);
INSERT INTO POST VALUES (9006L, 650.50, '2018-01-01', 'SALE', -64.4344 , 18.2122,'PERFECT CONDITIONS', 1003L, 10001L , 2001L,1001L);
INSERT INTO POST VALUES (9007L, 650.50, '2018-01-01', 'SALE', -64.4344 , 18.2122,'PERFECT CONDITIONS', 1003L, 10001L , 2001L,1001L);
INSERT INTO POST VALUES (9008L, 650.50, '2018-01-01', 'SALE', -64.4344 , 18.2122,'PERFECT CONDITIONS', 1003L, 10001L , 2001L,1001L);
INSERT INTO POST VALUES (9009L, 650.50, '2018-01-01', 'SALE', -64.4344 , 18.2122,'PERFECT CONDITIONS', 1003L, 10001L , 2001L,1001L);
INSERT INTO POST VALUES (9010L, 650.50, '2018-01-01', 'SALE', -64.4344 , 18.2122,'PERFECT CONDITIONS', 1003L, 10001L , 2001L,1001L);
INSERT INTO POST VALUES (9011L, 650.50, '2018-01-01', 'SALE', -64.4344 , 18.2122,'PERFECT CONDITIONS', 1003L, 10001L , 2001L,1001L);
INSERT INTO POST VALUES (9012L, 650.50, '2018-01-01', 'SALE', -64.4344 , 18.2122,'PERFECT CONDITIONS', 1003L, 10001L , 2001L,1001L);
INSERT INTO POST VALUES (9013L, 650.50, '2018-01-01', 'SALE', -64.4344 , 18.2122,'PERFECT CONDITIONS', 1003L, 10001L , 2001L,1001L);
INSERT INTO POST VALUES (9014L, 650.50, '2018-01-01', 'SALE', -64.4344 , 18.2122,'PERFECT CONDITIONS', 1003L, 10001L , 2001L,1001L);
INSERT INTO POST VALUES (9015L, 650.50, '2018-01-01', 'SALE', -64.4344 , 18.2122,'PERFECT CONDITIONS', 1003L, 10001L , 2001L,1001L);
INSERT INTO POST VALUES (9016L, 650.50, '2018-01-01', 'SALE', -64.4344 , 18.2122,'PERFECT CONDITIONS', 1003L, 10001L , 2001L,1001L);
INSERT INTO POST VALUES (9017L, 650.50, '2018-01-01', 'SALE', -64.4344 , 18.2122,'PERFECT CONDITIONS', 1003L, 10001L , 2001L,1001L);
INSERT INTO POST VALUES (9018L, 650.50, '2018-01-01', 'SALE', -64.4344 , 18.2122,'PERFECT CONDITIONS', 1003L, 10001L , 2001L,1001L);
INSERT INTO POST VALUES (9019L, 650.50, '2018-01-01', 'SALE', -64.4344 , 18.2122,'PERFECT CONDITIONS', 1003L, 10001L , 2001L,1001L);
INSERT INTO POST VALUES (9020L, 650.50, '2018-01-01', 'SALE', -64.4344 , 18.2122,'PERFECT CONDITIONS', 1003L, 10001L , 2001L,1001L);
INSERT INTO POST VALUES (9021L, 650.50, '2018-01-01', 'SALE', -64.4344 , 18.2122,'PERFECT CONDITIONS', 1003L, 10001L , 2001L,1001L);
INSERT INTO POST VALUES (9022L, 760.50, '2018-01-01', 'SALE', -64.4344 , 18.2122,'PERFECT CONDITIONS', 1002L, null, null ,1002L);
INSERT INTO POST VALUES (9023L, 430.50, '2018-01-01', 'SALE',-64.4344 , 18.2122, 'PERFECT CONDITIONS', 1002L, null, null , 1001L);
INSERT INTO POST VALUES (9024L, 650.50, '2018-01-01', 'SALE', -64.4344 , 18.2122,'PERFECT CONDITIONS', 1003L, 10001L , 2001L,1001L);
INSERT INTO POST VALUES (9025L, 650.50, '2018-01-01', 'SALE', -64.4344 , 18.2122,'PERFECT CONDITIONS', 1003L, 10001L , 2001L,1001L);
INSERT INTO POST VALUES (9026L, 650.50, '2018-01-01', 'SALE', -64.4344 , 18.2122,'PERFECT CONDITIONS', 1003L, 10001L , 2001L,1001L);
INSERT INTO POST VALUES (9027L, 650.50, '2018-01-01', 'SALE', -64.4344 , 18.2122,'PERFECT CONDITIONS', 1003L, 10001L , 2001L,1001L);
INSERT INTO POST VALUES (9028L, 650.50, '2018-01-01', 'SALE', -64.4344 , 18.2122,'PERFECT CONDITIONS', 1003L, 10001L , 2001L,1001L);
INSERT INTO POST VALUES (9029L, 650.50, '2018-01-01', 'SALE', -64.4344 , 18.2122,'PERFECT CONDITIONS', 1003L, 10001L , 2001L,1001L);
INSERT INTO POST VALUES (9030L, 650.50, '2018-01-01', 'SALE', -64.4344 , 18.2122,'PERFECT CONDITIONS', 1003L, 10001L , 2001L,1001L);
INSERT INTO POST VALUES (9031L, 650.50, '2018-01-01', 'SALE', -64.4344 , 18.2122,'PERFECT CONDITIONS', 1003L, 10001L , 2001L,1001L);
INSERT INTO POST VALUES (9032L, 650.50, '2018-01-01', 'SALE', -64.4344 , 18.2122,'PERFECT CONDITIONS', 1003L, 10001L , 2001L,1001L);
INSERT INTO POST VALUES (9033L, 650.50, '2018-01-01', 'SALE', -64.4344 , 18.2122,'PERFECT CONDITIONS', 1003L, 10001L , 2001L,1001L);
INSERT INTO POST VALUES (9034L, 650.50, '2018-01-01', 'SALE', -64.4344 , 18.2122,'PERFECT CONDITIONS', 1003L, 10001L , 2001L,1001L);
INSERT INTO POST VALUES (9035L, 650.50, '2018-01-01', 'SALE', -64.4344 , 18.2122,'PERFECT CONDITIONS', 1003L, 10001L , 2001L,1001L);
INSERT INTO POST VALUES (9036L, 650.50, '2018-01-01', 'SALE', -64.4344 , 18.2122,'PERFECT CONDITIONS', 1003L, 10001L , 2001L,1001L);
INSERT INTO POST VALUES (9037L, 650.50, '2018-01-01', 'SALE', -64.4344 , 18.2122,'PERFECT CONDITIONS', 1003L, 10001L , 2001L,1001L);
INSERT INTO POST VALUES (9038L, 650.50, '2018-01-01', 'SALE', -64.4344 , 18.2122,'PERFECT CONDITIONS', 1003L, 10001L , 2001L,1001L);
INSERT INTO POST VALUES (9039L, 650.50, '2018-01-01', 'SALE', -64.4344 , 18.2122,'PERFECT CONDITIONS', 1003L, 10001L , 2001L,1001L);


